<?xml version="1.0" encoding="UTF-8"?>
<project-private xmlns="http://www.netbeans.org/ns/project-private/1">
    <editor-bookmarks xmlns="http://www.netbeans.org/ns/editor-bookmarks/2" lastBookmarkId="0"/>
    <open-files xmlns="http://www.netbeans.org/ns/projectui-open-files/2">
        <group>
            <file>file:/C:/Users/Rumman/Desktop/Online_Voting_System/OnlineVoatingSystem/src/java/Model/party.java</file>
            <file>file:/C:/Users/Rumman/Desktop/Online_Voting_System/OnlineVoatingSystem/web/adminwelcome.jsp</file>
            <file>file:/C:/Users/Rumman/Desktop/Online_Voting_System/OnlineVoatingSystem/web/welcome.jsp</file>
        </group>
    </open-files>
</project-private>
